{
  "revenue": 30854846.583,
  "cost": 23048570.397501,
  "other_expense": 2992920.118551,
  "opening_cash": 32424158.6,
  "opening_debt": 9375638.8,
  "opening_equity": 27345617.4,
  "opening_retained": 15171504.9,
  "opening_receivable": 6648123.5,
  "opening_payable": 21492614.5,
  "opening_inventory": 8021155.8,
  "delta_receivable": -1237958.6196931507,
  "delta_payable": -13915002.31452022,
  "delta_inventory": -1580185.4423421863,
  "fixed_asset_cost": 14158173.756485999,
  "accum_depreciation": 1286227.02,
  "fixed_asset_life": 10,
  "fixed_asset_salvage": 0,
  "capex": 1295903.556486,
  "interest_rate": 0.0233,
  "tax_rate": 0.1386,
  "dividend": 1187415.0097370856,
  "min_cash": 5000000,
  "interest": 218452.38,
  "new_borrowing": 0,
  "closing_debt": 9375638.8,
  "closing_cash": 22409261.38,
  "operating_cashflow": -8500541.28,
  "investing_cashflow": -1295903.56,
  "financing_cashflow": -218452.38,
  "depreciation": 1415817.38,
  "closing_accum_depreciation": 2702044.4,
  "closing_fixed_asset_net": 12752032.92,
  "gross_profit": 7806276.19,
  "ebit": 3397538.69,
  "ebt": 3179086.31,
  "tax": 440621.36,
  "net_income": 2738464.94,
  "retained_earnings_change": 1551049.93,
  "closing_retained": 16722554.83,
  "closing_equity_capital": 27345617.4,
  "closing_total_equity": 44068172.23,
  "closing_receivable": 6648123.5,
  "closing_payable": -3613237.43,
  "total_assets": 49830573.6,
  "total_liabilities": 5762401.37,
  "total_equity": 44068172.23,
  "balance_diff": 0.0,
  "is_balanced": true,
  "cash_flow_check": 22409261.38,
  "cash_balanced": true
}