{
  "revenue": 30854846.583,
  "cost": 23048570.397501,
  "other_expense": 2992920.118551,
  "opening_cash": 32424158.6,
  "opening_debt": 9375638.8,
  "opening_equity": 27345617.4,
  "opening_retained": 15171504.9,
  "opening_receivable": 6648123.5,
  "opening_payable": 21492614.5,
  "opening_inventory": 8021155.8,
  "delta_receivable": -1237958.6196931507,
  "delta_payable": -13915002.31452022,
  "delta_inventory": -1580185.4423421863,
  "fixed_asset_cost": 14158173.756485999,
  "accum_depreciation": 1286227.02,
  "fixed_asset_life": 10,
  "fixed_asset_salvage": 0,
  "capex": 1295903.556486,
  "interest_rate": 0.0233,
  "tax_rate": 0.1386,
  "dividend": 1187415.0097370856,
  "min_cash": 5000000
}