{
  "_meta": {
    "model_name": "宁德时代三表模型",
    "scenario": "bear_case",
    "base_period": "2025Q3",
    "company": "宁德时代",
    "generated_at": "2025-12-02T15:20:11.102177",
    "assumptions": {
      "name": "悲观情景",
      "description": "市场竞争加剧，价格战",
      "growth_rate": 0.05,
      "gross_margin": 0.233,
      "opex_ratio": 0.1,
      "capex_ratio": 0.035,
      "ar_days": 70,
      "ap_days": 115,
      "inv_days": 110,
      "interest_rate": 0.025,
      "tax_rate": 0.1386,
      "dividend_ratio": 0.25
    }
  },
  "income_statement": {
    "revenue": {
      "value": 29722558.635,
      "formula": "last_revenue × (1 + growth_rate)",
      "inputs": {
        "last_revenue": 28307198.7,
        "growth_rate": 0.05
      }
    },
    "cost": {
      "value": 22797202.473045003,
      "formula": "revenue × (1 - gross_margin)",
      "inputs": {
        "revenue": 29722558.635,
        "gross_margin": 0.233
      }
    },
    "gross_profit": {
      "value": 6925356.161954999,
      "formula": "revenue - cost",
      "inputs": {
        "revenue": 29722558.635,
        "cost": 22797202.473045003
      }
    },
    "opex": {
      "value": 2972255.8635000004,
      "formula": "revenue × opex_ratio",
      "inputs": {
        "revenue": 29722558.635,
        "opex_ratio": 0.1
      }
    },
    "ebit": {
      "value": 3953100.2984549985,
      "formula": "gross_profit - opex",
      "inputs": {
        "gross_profit": 6925356.161954999,
        "opex": 2972255.8635000004
      }
    },
    "interest": {
      "value": 234390.97000000003,
      "formula": "debt × interest_rate",
      "inputs": {
        "debt": 9375638.8,
        "interest_rate": 0.025
      }
    },
    "ebt": {
      "value": 3718709.3284549983,
      "formula": "ebit - interest",
      "inputs": {
        "ebit": 3953100.2984549985,
        "interest": 234390.97000000003
      }
    },
    "tax": {
      "value": 515413.11292386276,
      "formula": "max(ebt, 0) × tax_rate",
      "inputs": {
        "ebt": 3718709.3284549983,
        "tax_rate": 0.1386
      }
    },
    "net_income": {
      "value": 3203296.2155311354,
      "formula": "ebt - tax",
      "inputs": {
        "ebt": 3718709.3284549983,
        "tax": 515413.11292386276
      }
    }
  },
  "balance_sheet": {
    "assets": {
      "cash": {
        "value": 22730944.73496154,
        "formula": "opening_cash + net_cash_change"
      },
      "receivable": {
        "value": 5700216.724520548,
        "formula": "revenue / 365 × ar_days",
        "inputs": {
          "revenue": 29722558.635,
          "ar_days": 70
        }
      },
      "inventory": {
        "value": 6870389.786397125,
        "formula": "cost / 365 × inv_days",
        "inputs": {
          "cost": 22797202.473045003,
          "inv_days": 110
        }
      },
      "fixed_assets_net": {
        "value": 11226076.757002499,
        "formula": "fixed_assets - accum_dep"
      },
      "total_assets": {
        "value": 46527628.002881706
      }
    },
    "liabilities": {
      "payable": {
        "value": 7182680.231233357,
        "formula": "cost / 365 × ap_days",
        "inputs": {
          "cost": 22797202.473045003,
          "ap_days": 115
        }
      },
      "debt": {
        "value": 9375638.8
      },
      "total_liabilities": {
        "value": 16558319.03123336
      }
    },
    "equity": {
      "opening_equity": {
        "value": 27345617.4
      },
      "retained_change": {
        "value": 2402472.1616483517,
        "formula": "net_income - dividend"
      },
      "total_equity": {
        "value": 29748089.56164835
      }
    }
  },
  "cash_flow": {
    "operating": {
      "value": -7617709.288930681,
      "formula": "net_income + depreciation - ΔNWC",
      "inputs": {
        "net_income": 3203296.2155311354,
        "depreciation": 1390255.9752224998,
        "delta_ar": -947906.7754794518,
        "delta_inv": -1150766.0136028752,
        "delta_ap": -14309934.268766642,
        "delta_nwc": 12211261.479684316
      }
    },
    "investing": {
      "value": -1040289.5522250001,
      "formula": "-capex",
      "inputs": {
        "capex": 1040289.5522250001
      }
    },
    "financing": {
      "value": -1035215.023882784,
      "formula": "-interest - dividend + Δdebt",
      "inputs": {
        "interest": 234390.97000000003,
        "dividend": 800824.0538827839,
        "delta_debt": 0
      }
    },
    "net_change": {
      "value": -9693213.865038464,
      "formula": "OCF + ICF + FCF"
    },
    "closing_cash": {
      "value": 22730944.73496154
    }
  },
  "validation": {
    "is_balanced": false,
    "total_assets": 46527628.002881706,
    "total_liabilities": 16558319.03123336,
    "total_equity": 29748089.56164835,
    "difference": 221219.40999999642
  },
  "working_capital": {
    "receivable": {
      "value": 5700216.724520548,
      "formula": "revenue / 365 × ar_days",
      "inputs": {
        "revenue": 29722558.635,
        "ar_days": 70
      }
    },
    "payable": {
      "value": 7182680.231233357,
      "formula": "cost / 365 × ap_days",
      "inputs": {
        "cost": 22797202.473045003,
        "ap_days": 115
      }
    },
    "inventory": {
      "value": 6870389.786397125,
      "formula": "cost / 365 × inv_days",
      "inputs": {
        "cost": 22797202.473045003,
        "inv_days": 110
      }
    },
    "delta_ar": {
      "value": -947906.7754794518
    },
    "delta_ap": {
      "value": -14309934.268766642
    },
    "delta_inv": {
      "value": -1150766.0136028752
    }
  }
}