{
  "_meta": {
    "model_type": "lbo",
    "holding_period": 5,
    "built_with": "atomic_tools"
  },
  "transaction": {
    "purchase_price": {
      "value": 26860.0,
      "formula": "EBITDA × Entry Multiple",
      "inputs": {
        "ebitda": 3400,
        "multiple": 7.9
      },
      "source": "tool"
    },
    "sources_uses": {
      "equity_required": 14527.2,
      "uses": {
        "purchase_price": 26860.0,
        "transaction_fees": 537.2,
        "financing_fees": 130.0,
        "total_uses": 27527.2
      },
      "sources": {
        "debt_senior": 9000.0,
        "debt_subordinated": 4000.0,
        "total_debt": 13000.0,
        "existing_cash": 0,
        "equity": 14527.2,
        "total_sources": 27527.2
      },
      "formula": "Equity = Total Uses - Total Debt - Existing Cash",
      "inputs": {
        "purchase_price": 26860.0,
        "debt_amounts": {
          "senior": 9000.0,
          "subordinated": 4000.0
        },
        "transaction_fee_rate": 0.02,
        "financing_fee_rate": 0.01,
        "existing_cash": 0
      },
      "source": "tool"
    },
    "equity_invested": 14527.2
  },
  "operating_model": {
    "projections": [
      {
        "year": 1,
        "revenue": 14120.967741935485,
        "ebitda": 3502.0,
        "depreciation": 1401.7894984695079,
        "ebit": 2100.2105015304924,
        "capex": 1401.7894984695079,
        "nwc": 721.509300682835,
        "delta_nwc": 21.014834000470955,
        "ufcf": 2079.1956675300216,
        "tax_rate": 0.25
      },
      {
        "year": 2,
        "revenue": 14615.201612903225,
        "ebitda": 3653.8004032258063,
        "depreciation": 1450.8521309159405,
        "ebit": 2202.948272309866,
        "capex": 1450.8521309159405,
        "nwc": 746.7621262067341,
        "delta_nwc": 25.252825523899105,
        "ufcf": 2177.695446785967,
        "tax_rate": 0.25
      },
      {
        "year": 3,
        "revenue": 15199.809677419355,
        "ebitda": 3875.9514677419356,
        "depreciation": 1508.8862161525783,
        "ebit": 2367.065251589357,
        "capex": 1508.8862161525783,
        "nwc": 776.6326112550036,
        "delta_nwc": 29.870485048269416,
        "ufcf": 2337.1947665410876,
        "tax_rate": 0.25
      },
      {
        "year": 4,
        "revenue": 15731.80301612903,
        "ebitda": 4058.80517816129,
        "depreciation": 1561.6972337179182,
        "ebit": 2497.1079444433717,
        "capex": 1561.6972337179182,
        "nwc": 803.8147526489286,
        "delta_nwc": 27.182141393925008,
        "ufcf": 2469.9258030494466,
        "tax_rate": 0.25
      },
      {
        "year": 5,
        "revenue": 16203.7571066129,
        "ebitda": 4212.976847719354,
        "depreciation": 1608.5481507294558,
        "ebit": 2604.428696989898,
        "capex": 1608.5481507294558,
        "nwc": 827.9291952283963,
        "delta_nwc": 24.114442579467777,
        "ufcf": 2580.3142544104303,
        "tax_rate": 0.25
      }
    ],
    "summary": {
      "entry_revenue": 13709.677419354839,
      "exit_revenue": 16203.7571066129,
      "exit_ebitda": 4212.976847719354,
      "total_ufcf": 11644.325938316953
    },
    "inputs": {
      "base_revenue": 13709.677419354839,
      "years": 5,
      "revenue_growth": [
        0.03,
        0.035,
        0.04,
        0.035,
        0.03
      ],
      "ebitda_margin": [
        0.248,
        0.25,
        0.255,
        0.258,
        0.26
      ],
      "capex_percent": 0.09927007299270073,
      "nwc_percent": 0.051094890510948905,
      "tax_rate": 0.25,
      "da_percent": 0.09927007299270073
    },
    "source": "tool"
  },
  "debt_schedule": {
    "schedule": {
      "senior": [
        {
          "year": 1,
          "opening_balance": 9000.0,
          "cash_interest": 585.0,
          "pik_interest": 0.0,
          "mandatory_amort": 0.0,
          "cash_sweep": 645.2947816105489,
          "total_principal_payment": 645.2947816105489,
          "closing_balance": 8354.705218389452
        },
        {
          "year": 2,
          "opening_balance": 8354.705218389452,
          "cash_interest": 543.0558391953144,
          "pik_interest": 0.0,
          "mandatory_amort": 0.0,
          "cash_sweep": 723.4998744840109,
          "total_principal_payment": 723.4998744840109,
          "closing_balance": 7631.205343905442
        },
        {
          "year": 3,
          "opening_balance": 7631.205343905442,
          "cash_interest": 496.02834735385375,
          "pik_interest": 0.0,
          "mandatory_amort": 0.0,
          "cash_sweep": 838.8053948462684,
          "total_principal_payment": 838.8053948462684,
          "closing_balance": 6792.399949059173
        },
        {
          "year": 4,
          "opening_balance": 6792.399949059173,
          "cash_interest": 441.50599668884627,
          "pik_interest": 0.0,
          "mandatory_amort": 0.0,
          "cash_sweep": 944.6394895664769,
          "total_principal_payment": 944.6394895664769,
          "closing_balance": 5847.760459492696
        },
        {
          "year": 5,
          "opening_balance": 5847.760459492696,
          "cash_interest": 380.10442986702526,
          "pik_interest": 0.0,
          "mandatory_amort": 0.0,
          "cash_sweep": 1041.8465683220152,
          "total_principal_payment": 1041.8465683220152,
          "closing_balance": 4805.913891170681
        }
      ],
      "subordinated": [
        {
          "year": 1,
          "opening_balance": 4000.0,
          "cash_interest": 340.0,
          "pik_interest": 0.0,
          "mandatory_amort": 0.0,
          "cash_sweep": 0.0,
          "total_principal_payment": 0.0,
          "closing_balance": 4000.0
        },
        {
          "year": 2,
          "opening_balance": 4000.0,
          "cash_interest": 340.0,
          "pik_interest": 0.0,
          "mandatory_amort": 0.0,
          "cash_sweep": 0.0,
          "total_principal_payment": 0.0,
          "closing_balance": 4000.0
        },
        {
          "year": 3,
          "opening_balance": 4000.0,
          "cash_interest": 340.0,
          "pik_interest": 0.0,
          "mandatory_amort": 0.0,
          "cash_sweep": 0.0,
          "total_principal_payment": 0.0,
          "closing_balance": 4000.0
        },
        {
          "year": 4,
          "opening_balance": 4000.0,
          "cash_interest": 340.0,
          "pik_interest": 0.0,
          "mandatory_amort": 0.0,
          "cash_sweep": 0.0,
          "total_principal_payment": 0.0,
          "closing_balance": 4000.0
        },
        {
          "year": 5,
          "opening_balance": 4000.0,
          "cash_interest": 340.0,
          "pik_interest": 0.0,
          "mandatory_amort": 0.0,
          "cash_sweep": 0.0,
          "total_principal_payment": 0.0,
          "closing_balance": 4000.0
        }
      ]
    },
    "annual_summary": [
      {
        "year": 1,
        "ufcf": 2079.1956675300216,
        "total_interest": 925.0,
        "taxes": 293.8026253826231,
        "net_income": 881.4078761478693,
        "cash_for_debt": 860.3930421473985,
        "mandatory_amort": 0.0,
        "cash_sweep": 645.2947816105489,
        "total_debt_paydown": 645.2947816105489,
        "ending_debt": 12354.705218389452,
        "fcf_to_equity": 215.0982605368497
      },
      {
        "year": 2,
        "ufcf": 2177.695446785967,
        "total_interest": 883.0558391953144,
        "taxes": 329.9731082786378,
        "net_income": 989.9193248359135,
        "cash_for_debt": 964.6664993120145,
        "mandatory_amort": 0.0,
        "cash_sweep": 723.4998744840109,
        "total_debt_paydown": 723.4998744840109,
        "ending_debt": 11631.205343905442,
        "fcf_to_equity": 241.1666248280036
      },
      {
        "year": 3,
        "ufcf": 2337.1947665410876,
        "total_interest": 836.0283473538537,
        "taxes": 382.7592260588758,
        "net_income": 1148.2776781766274,